id,firstname,lastname,email,email2,profession
100,Marinna,Saunderson,Marinna.Saunderson@yopmail.com,Marinna.Saunderson@gmail.com,doctor
101,Kylynn,Brodench,Kylynn.Brodench@yopmail.com,Kylynn.Brodench@gmail.com,firefighter
102,Roslyn,Martsen,Roslyn.Martsen@yopmail.com,Roslyn.Martsen@gmail.com,doctor
103,Benita,Jarib,Benita.Jarib@yopmail.com,Benita.Jarib@gmail.com,developer
104,Elbertina,Eugenia,Elbertina.Eugenia@yopmail.com,Elbertina.Eugenia@gmail.com,police officer
105,Nelle,Maribeth,Nelle.Maribeth@yopmail.com,Nelle.Maribeth@gmail.com,police officer
106,Wilma,Idelia,Wilma.Idelia@yopmail.com,Wilma.Idelia@gmail.com,worker
107,Deane,Prouty,Deane.Prouty@yopmail.com,Deane.Prouty@gmail.com,developer
108,Nataline,Amadas,Nataline.Amadas@yopmail.com,Nataline.Amadas@gmail.com,firefighter
109,Genevra,Thar,Genevra.Thar@yopmail.com,Genevra.Thar@gmail.com,worker